create schema if not exists lbaw2252;

DROP TABLE IF EXISTS users CASCADE;
DROP TABLE IF EXISTS event CASCADE;
DROP TABLE IF EXISTS attendee CASCADE;
DROP TABLE IF EXISTS category CASCADE;
DROP TABLE IF EXISTS tag CASCADE;
DROP TABLE IF EXISTS report CASCADE;
DROP TABLE IF EXISTS invitation CASCADE;
DROP TABLE IF EXISTS poll CASCADE;
DROP TABLE IF EXISTS comment CASCADE;
DROP TABLE IF EXISTS joinrequest CASCADE;
DROP TABLE IF EXISTS organizerrequest CASCADE;
DROP TABLE IF EXISTS notification CASCADE;
DROP TABLE IF EXISTS vote CASCADE;
DROP TABLE IF EXISTS polloption CASCADE;
DROP TABLE IF EXISTS answer CASCADE;
DROP TABLE IF EXISTS upload CASCADE;
DROP TABLE IF EXISTS event_category CASCADE;
DROP TABLE IF EXISTS event_tag CASCADE;
DROP TABLE IF EXISTS password_resets CASCADE;
DROP TABLE IF EXISTS contact CASCADE;
DROP TABLE IF EXISTS appeal CASCADE;

DROP TYPE IF EXISTS notificationtype;
DROP TYPE IF EXISTS accountstatus;
DROP TYPE IF EXISTS usertypes;

CREATE TYPE notificationtype AS ENUM ('EventChange','JoinRequestReviewed','OrganizerRequestReviewed','InviteReceived','InviteAccepted','NewPoll');
CREATE TYPE accountstatus AS ENUM ('Active','Disabled','Blocked');
CREATE TYPE usertypes AS ENUM ('User','Organizer','Admin');

CREATE TABLE upload(
  uploadid SERIAL PRIMARY KEY,
  filename TEXT NOT NULL
);

CREATE TABLE users(
  userid SERIAL PRIMARY KEY,
  username VARCHAR(50) NOT NULL CONSTRAINT unique_usernam_uk UNIQUE,
  name VARCHAR(150) NOT NULL, 
  email TEXT NOT NULL CONSTRAINT user_email_uk UNIQUE,
  password TEXT NOT NULL,
  userphoto INTEGER REFERENCES upload (uploadid) on DELETE SET NULL ON UPDATE CASCADE,
  accountstatus accountstatus NOT NULL,
  usertype usertypes NOT NULL,
  remember_token TEXT -- Laravel's remember me functionality
);

CREATE TABLE event(
    eventid SERIAL PRIMARY KEY,
    userid INTEGER REFERENCES users (userid) ON DELETE SET NULL ON UPDATE CASCADE,
    eventname TEXT NOT NULL CONSTRAINT unique_eventname UNIQUE,
    public BOOLEAN NOT NULL,
    eventaddress TEXT NOT NULL,
    description TEXT NOT NULL,
    eventcanceled BOOLEAN NOT NULL DEFAULT FALSE,
    eventphoto INTEGER REFERENCES upload (uploadid) on DELETE SET NULL ON UPDATE CASCADE,
    startdate DATE NOT NULL,
    enddate DATE NOT NULL,
    CONSTRAINT end_after_start_ck CHECK (enddate > startdate)
);

CREATE TABLE attendee(
  attendeeid INTEGER NOT NULL REFERENCES users (userid) ON DELETE CASCADE ON UPDATE CASCADE,
  eventid INTEGER NOT NULL REFERENCES event (eventid) ON UPDATE CASCADE,
  PRIMARY KEY(attendeeid, eventid)
);

CREATE TABLE category(
  categoryid SERIAL PRIMARY KEY,
  categoryname TEXT NOT NULL CONSTRAINT category_uk UNIQUE
);

CREATE TABLE tag(
  tagid SERIAL PRIMARY KEY,
  tagname TEXT NOT NULL CONSTRAINT tag_uk UNIQUE
);

CREATE TABLE report(
  reportid SERIAL PRIMARY KEY,
  reporterid INTEGER REFERENCES users (userid) ON DELETE SET NULL ON UPDATE CASCADE,
  eventid INTEGER NOT NULL REFERENCES event (eventid) ON UPDATE CASCADE,
  message TEXT NOT NULL,
  reportstatus BOOLEAN NOT NULL DEFAULT FALSE
);

CREATE TABLE invitation(
  invitationid SERIAL PRIMARY KEY,
  inviterid INTEGER NOT NULL REFERENCES users (userid) ON DELETE CASCADE ON UPDATE CASCADE,
  inviteeid INTEGER NOT NULL REFERENCES users (userid) ON DELETE CASCADE ON UPDATE CASCADE,
  eventid INTEGER NOT NULL REFERENCES event (eventid) ON UPDATE CASCADE,
  invitationstatus BOOLEAN,
  CONSTRAINT invite_To_Self_ck CHECK (inviterid != inviteeid)
);

CREATE TABLE poll(
  pollid SERIAL PRIMARY KEY,
  eventid INTEGER NOT NULL REFERENCES event (eventid) ON UPDATE CASCADE,
  pollcontent TEXT NOT NULL
);

CREATE TABLE comment(
  commentid SERIAL PRIMARY KEY,
  authorId INTEGER REFERENCES users (userid) ON DELETE SET NULL ON UPDATE CASCADE,
  eventid INTEGER NOT NULL REFERENCES event (eventid) ON UPDATE CASCADE,
  parentId INTEGER REFERENCES comment (commentid) ON DELETE CASCADE ON UPDATE CASCADE,
  commentcontent TEXT NOT NULL,
  commentdate TIMESTAMP NOT NULL DEFAULT CURRENT_TIMESTAMP
);

CREATE TABLE joinrequest(
  joinrequestid SERIAL PRIMARY KEY,
  requesterid INTEGER NOT NULL REFERENCES users (userid) ON DELETE CASCADE ON UPDATE CASCADE,
  eventid INTEGER NOT NULL REFERENCES event (eventid) ON UPDATE CASCADE,
  requeststatus BOOLEAN
);

CREATE TABLE organizerrequest(
  organizerrequestid SERIAL PRIMARY KEY,
  requesterid INTEGER NOT NULL REFERENCES users (userid) ON DELETE CASCADE ON UPDATE CASCADE,
  requeststatus BOOLEAN
);

CREATE TABLE notification(
  notificationid SERIAL PRIMARY KEY,
  receiverid INTEGER NOT NULL REFERENCES users (userid) ON DELETE CASCADE ON UPDATE CASCADE,
  eventid INTEGER REFERENCES event (eventid) ON DELETE CASCADE ON UPDATE CASCADE,
  joinrequestid INTEGER REFERENCES joinrequest (joinrequestid) ON DELETE CASCADE ON UPDATE CASCADE,
  organizerrequestid INTEGER REFERENCES organizerrequest (organizerrequestid) ON DELETE CASCADE ON UPDATE CASCADE,
  invitationid INTEGER REFERENCES invitation (invitationid) ON DELETE CASCADE ON UPDATE CASCADE,
  pollid INTEGER REFERENCES poll (pollid) ON DELETE CASCADE ON UPDATE CASCADE,
  notificationdate TIMESTAMP NOT NULL DEFAULT CURRENT_TIMESTAMP, 
  notificationtype notificationtype NOT NULL,
  notificationstatus BOOLEAN NOT NULL DEFAULT FALSE
);

CREATE TABLE vote(
  voterid INTEGER REFERENCES users (userid) ON UPDATE CASCADE ON DELETE CASCADE,
  commentid INTEGER REFERENCES comment (commentid) ON UPDATE CASCADE ON DELETE CASCADE,
  type BOOLEAN NOT NULL,
  PRIMARY KEY(voterid, commentid)
);

CREATE TABLE polloption(
  polloptionid SERIAL PRIMARY KEY,
  pollid INTEGER REFERENCES poll (pollid) ON UPDATE CASCADE ON DELETE CASCADE,
  optioncontent TEXT NOT NULL
);

CREATE TABLE answer(
  userid INTEGER REFERENCES users (userid) ON UPDATE CASCADE ON DELETE CASCADE,
  polloptionid INTEGER REFERENCES polloption (polloptionid) ON UPDATE CASCADE ON DELETE CASCADE,
  PRIMARY KEY(userid, polloptionid)
);

CREATE TABLE event_category(
  eventid INTEGER NOT NULL REFERENCES event (eventid) ON UPDATE CASCADE ON DELETE CASCADE,
  categoryid INTEGER NOT NULL REFERENCES category (categoryid) ON UPDATE CASCADE ON DELETE CASCADE,
  PRIMARY KEY (eventid,categoryid)
);

CREATE TABLE event_tag(
  eventid INTEGER NOT NULL REFERENCES event (eventid) ON UPDATE CASCADE ON DELETE CASCADE,
  tagid INTEGER NOT NULL REFERENCES tag (tagid) ON UPDATE CASCADE ON DELETE CASCADE,
  PRIMARY KEY (eventid,tagid)
);

-- Added during PA development
CREATE TABLE password_resets(
  resetid SERIAL PRIMARY KEY,
  email TEXT NOT NULL,
  token TEXT NOT NULL,
  created_at TIMESTAMP NOT NULL DEFAULT CURRENT_TIMESTAMP
);

-- Added during PA development
CREATE TABLE contact(
  contactid SERIAL PRIMARY KEY,
  name VARCHAR(150) NOT NULL, 
  email TEXT NOT NULL,
  subject TEXT NOT NULL,
  message TEXT NOT NULL
);

-- Added during PA development
CREATE TABLE appeal(
  appealid SERIAL PRIMARY KEY,
  userid INTEGER REFERENCES users (userid) ON DELETE SET NULL ON UPDATE CASCADE,
  name VARCHAR(150) NOT NULL, 
  email TEXT NOT NULL,
  message TEXT NOT NULL,
  appealstatus BOOLEAN NOT NULL DEFAULT FALSE
);

-----------------------------------------
-- Indexes
-----------------------------------------


DROP INDEX IF EXISTS comments_event;
DROP INDEX IF EXISTS comments_upload;
DROP INDEX IF EXISTS notification_receiver;
DROP INDEX IF EXISTS event_search;
DROP INDEX IF EXISTS user_search;


CREATE INDEX comments_event ON comment USING hash (eventid);
CREATE INDEX notification_receiver ON notification USING hash (receiverid);

ALTER TABLE event ADD COLUMN tsvectors TSVECTOR; 
CREATE INDEX event_search ON event USING GIST (tsvectors);

ALTER TABLE users ADD COLUMN tsvectors TSVECTOR;
CREATE INDEX user_search ON users USING GIST (tsvectors);

-----------------------------------------
-- Triggers
-----------------------------------------



DROP FUNCTION IF EXISTS insert_attendee_invitation ;
DROP TRIGGER IF EXISTS attendee_inserted ON invitation;
DROP FUNCTION IF EXISTS insert_attendee_request;
DROP TRIGGER IF EXISTS joinUsereventRequestAccepted ON joinrequest;
DROP FUNCTION IF EXISTS EventChange;
DROP TRIGGER IF EXISTS EventChange_notification ON notification;
DROP FUNCTION IF EXISTS InviteAccepted;
DROP TRIGGER IF EXISTS notification_invite_accepted ON invitation;
DROP FUNCTION IF EXISTS newinvitation;
DROP TRIGGER IF EXISTS new_invitation ON invitation;
DROP FUNCTION IF EXISTS JoinRequestReviewed;
DROP TRIGGER IF EXISTS join_request_reviewed ON joinrequest;
DROP FUNCTION IF EXISTS OrganizerRequestReviewed;
DROP TRIGGER IF EXISTS organizer_request_reviewed ON organizerrequest;
DROP FUNCTION IF EXISTS reportReviewed;
DROP TRIGGER IF EXISTS report_reviewed ON report;
DROP FUNCTION IF EXISTS NewPoll;
DROP TRIGGER IF EXISTS new_poll_notification ON poll;
DROP FUNCTION IF EXISTS updateUserToOrg;
DROP TRIGGER IF EXISTS update_user_to_organization ON organizerrequest;
DROP FUNCTION IF EXISTS eventCancelled;
DROP TRIGGER IF EXISTS event_cancelled ON event;
DROP FUNCTION IF EXISTS NewEvent;
DROP TRIGGER IF EXISTS new_event ON event;
DROP FUNCTION IF EXISTS event_search_update;
DROP TRIGGER IF EXISTS event_search_update ON event;
DROP FUNCTION IF EXISTS user_search_update;
DROP TRIGGER IF EXISTS user_search_update ON users;



CREATE FUNCTION insert_attendee_invitation() RETURNS TRIGGER AS
$BODY$
BEGIN
    IF (NEW.invitationstatus AND NEW.inviteeid NOT IN (SELECT attendee.attendeeid FROM attendee
    WHERE attendee.eventid=NEW.eventid)) THEN
        INSERT INTO attendee(attendeeid,eventid)
        VALUES (NEW.inviteeid,NEW.eventid);
    END IF;
    RETURN NULL;
END
$BODY$

LANGUAGE plpgsql;

CREATE TRIGGER attendee_inserted
    AFTER UPDATE ON invitation
    FOR EACH ROW
    EXECUTE PROCEDURE insert_attendee_invitation();

CREATE FUNCTION insert_attendee_request() RETURNS TRIGGER AS
$BODY$
BEGIN
    IF (NEW.requeststatus AND NEW.requesterid NOT IN (SELECT attendee.attendeeid FROM attendee
    WHERE attendee.eventid=NEW.requesterid)) THEN
        INSERT INTO attendee(attendeeid,eventid)
        VALUES (NEW.requesterid,NEW.eventid);
    END IF;
    RETURN NULL;
END
$BODY$

LANGUAGE plpgsql;

CREATE TRIGGER joinUsereventRequestAccepted
    AFTER UPDATE ON joinrequest
    FOR EACH ROW
    EXECUTE PROCEDURE insert_attendee_request();


CREATE FUNCTION EventChange() RETURNS TRIGGER AS
$BODY$
BEGIN
    IF ((NEW.startdate != OLD.startdate) OR (NEW.enddate != OLD.enddate)) THEN
        INSERT INTO notification (receiverid,eventid,notificationtype)
        SELECT userid,eventid,'EventChange'
        FROM attendee WHERE NEW.eventid = attendee.eventid;
    END IF;
    RETURN NULL;
END
$BODY$

LANGUAGE plpgsql;

CREATE TRIGGER EventChange_notification
    AFTER UPDATE ON event
    FOR EACH ROW
    EXECUTE PROCEDURE EventChange();


CREATE FUNCTION InviteAccepted() RETURNS TRIGGER AS
$BODY$
BEGIN
    IF (NEW.invitationstatus) THEN
        INSERT INTO notification (receiverid,invitationid,notificationtype)
        VALUES(NEW.inviterid,NEW.invitationid,'InviteAccepted');
    END IF;
    RETURN NULL;
END
$BODY$

LANGUAGE plpgsql;

CREATE TRIGGER notification_invite_accepted
    AFTER UPDATE ON invitation
    FOR EACH ROW
    EXECUTE PROCEDURE InviteAccepted();


CREATE FUNCTION newinvitation() RETURNS TRIGGER AS
$BODY$
BEGIN
    INSERT INTO notification (receiverid,invitationid,notificationtype)
    VALUES(NEW.inviteeid, NEW.invitationid,'InviteReceived');
    RETURN NULL;
END
$BODY$

LANGUAGE plpgsql;

CREATE TRIGGER new_invitation
    AFTER INSERT ON invitation
    FOR EACH ROW
    EXECUTE PROCEDURE newinvitation();


CREATE FUNCTION JoinRequestReviewed() RETURNS TRIGGER AS
$BODY$
BEGIN
    INSERT INTO notification (receiverid,joinrequestid,notificationtype)
    VALUES(NEW.requesterid,NEW.joinrequestid,'JoinRequestReviewed');
    RETURN NULL;
END
$BODY$

LANGUAGE plpgsql;

CREATE TRIGGER join_request_reviewed
    AFTER UPDATE ON joinrequest
    FOR EACH ROW
    EXECUTE PROCEDURE JoinRequestReviewed();


CREATE FUNCTION OrganizerRequestReviewed() RETURNS TRIGGER AS
$BODY$
BEGIN
  IF (NEW.requeststatus) THEN
    INSERT INTO notification (receiverid,organizerrequestid,notificationtype)
    VALUES(NEW.requesterid,NEW.organizerrequestid,'OrganizerRequestReviewed');
  END IF;  
  RETURN NULL;
END
$BODY$

LANGUAGE plpgsql;

CREATE TRIGGER organizer_request_reviewed
    AFTER UPDATE ON organizerrequest
    FOR EACH ROW
    EXECUTE PROCEDURE OrganizerRequestReviewed();


CREATE FUNCTION NewPoll() RETURNS TRIGGER AS
$BODY$
BEGIN
    INSERT INTO notification (receiverid,pollid,notificationtype)
    SELECT attendeeid,NEW.pollid,'NewPoll'
    FROM attendee WHERE NEW.eventid = attendee.eventid;
    RETURN NULL;
END
$BODY$

LANGUAGE plpgsql;

CREATE TRIGGER new_poll_notification
    AFTER INSERT ON poll
    FOR EACH ROW
    EXECUTE PROCEDURE NewPoll();


CREATE FUNCTION updateUserToOrg() RETURNS TRIGGER AS
$BODY$
BEGIN
    IF (NEW.requeststatus = TRUE) THEN
        UPDATE users 
        SET usertype = 'Organizer'
        WHERE NEW.requesterid=users.userid;
    END IF;
    RETURN NULL;
END
$BODY$

LANGUAGE plpgsql;

CREATE TRIGGER update_user_to_organization
    AFTER UPDATE ON organizerrequest
    FOR EACH ROW
    EXECUTE PROCEDURE updateUserToOrg();


CREATE FUNCTION eventCancelled() RETURNS TRIGGER AS
$BODY$
BEGIN
    IF (NEW.eventcanceled =TRUE) THEN
        DELETE FROM attendee
        WHERE eventid = NEW.eventid;

        DELETE FROM joinrequest
        WHERE eventid = NEW.eventid;

    END IF;
    RETURN NULL;
END
$BODY$

LANGUAGE plpgsql;


CREATE TRIGGER event_cancelled
    AFTER UPDATE ON event
    FOR EACH ROW
    EXECUTE PROCEDURE eventCancelled();



CREATE FUNCTION NewEvent() RETURNS TRIGGER AS
$BODY$
BEGIN
    INSERT INTO attendee (attendeeid,eventid)
    VALUES(NEW.userid,NEW.eventid);
    RETURN NULL;
END
$BODY$

LANGUAGE plpgsql;

CREATE TRIGGER new_event
    AFTER INSERT ON event
    FOR EACH ROW
    EXECUTE PROCEDURE NewEvent();

CREATE FUNCTION event_search_update() RETURNS TRIGGER AS
$BODY$
BEGIN

  IF TG_OP = 'INSERT' THEN
    NEW.tsvectors = (
      setweight(to_tsvector('english', NEW.eventName), 'A') ||
      setweight(to_tsvector('english', NEW.description), 'B')
    );
  END IF;

  IF TG_OP = 'UPDATE' THEN
      IF (NEW.eventName <> OLD.eventName OR NEW.description <> OLD.description) THEN
        NEW.tsvectors = (
          setweight(to_tsvector('english', NEW.eventName), 'A') ||
          setweight(to_tsvector('english', NEW.description), 'B')
        );
      END IF;
  END IF;

  RETURN NEW;
END
$BODY$

LANGUAGE plpgsql;

CREATE TRIGGER event_search_update
  BEFORE INSERT OR UPDATE ON event
  FOR EACH ROW
  EXECUTE PROCEDURE event_search_update();

CREATE FUNCTION user_search_update() RETURNS TRIGGER AS
$BODY$
  BEGIN
  IF TG_OP = 'INSERT' THEN
    NEW.tsvectors = (
      setweight(to_tsvector('english', NEW.username), 'A') ||
      setweight(to_tsvector('english', NEW.name), 'B')
    );
  END IF;

  IF TG_OP = 'UPDATE' THEN
      IF (NEW.username <> OLD.username OR NEW.name <> OLD.name) THEN
        NEW.tsvectors = (
          setweight(to_tsvector('english', NEW.username), 'A') ||
          setweight(to_tsvector('english', NEW.name), 'B')
        );
      END IF;
  END IF;

  RETURN NEW;
END 
$BODY$

LANGUAGE plpgsql;

CREATE TRIGGER user_search_update
  BEFORE INSERT OR UPDATE ON users
  FOR EACH ROW
  EXECUTE PROCEDURE user_search_update();

------------------------------------------------------------------------------------------------------

-- upload --

insert into upload (filename) values ('image-1.png'); /* Default image for users*/
insert into upload (filename) values ('image-2.png'); /* Default image for events*/

-- events stock images --
insert into upload (filename) values ('image-3.png');
insert into upload (filename) values ('image-4.png');
insert into upload (filename) values ('image-5.png');
insert into upload (filename) values ('image-6.png');
insert into upload (filename) values ('image-7.png');
insert into upload (filename) values ('image-8.png');
insert into upload (filename) values ('image-9.png');
insert into upload (filename) values ('image-10.png');
insert into upload (filename) values ('image-11.png');
insert into upload (filename) values ('image-12.png');
insert into upload (filename) values ('image-13.png');
insert into upload (filename) values ('image-14.png');
insert into upload (filename) values ('image-15.png');
insert into upload (filename) values ('image-16.png');
insert into upload (filename) values ('image-17.png');
insert into upload (filename) values ('image-18.png');

-- users stock images --
insert into upload (filename) values ('image-19.jpg');
insert into upload (filename) values ('image-20.jpg');
insert into upload (filename) values ('image-21.jpg');
insert into upload (filename) values ('image-22.jpg');
insert into upload (filename) values ('image-23.jpg');
insert into upload (filename) values ('image-24.jpg');
insert into upload (filename) values ('image-25.jpg');


---1234
insert into users (username, name, email, password, userphoto, accountstatus, usertype) values ('user', 'User', 'user@evup.com', '$2a$12$MKHXzV7jJJNlWeOYhwOSLe.ukGW.UGu..wXVth0SwWI8Ewn5EZnwe', 19, 'Active', 'User');
insert into users (username, name, email, password, userphoto, accountstatus, usertype) values ('organizer', 'Organizer', 'organizer@evup.com', '$2a$12$MKHXzV7jJJNlWeOYhwOSLe.ukGW.UGu..wXVth0SwWI8Ewn5EZnwe', 20, 'Active', 'Organizer');
insert into users (username, name, email, password, userphoto, accountstatus, usertype) values ('glanahan2', 'Gaultiero Lanahan', 'glanahan2@rediff.com', '$2a$12$aIJGp62nFW6Qz2Bmyo.2ouzpalZjMqLZs2s06H2tYqcCLgpSQt0zG', 21, 'Active', 'User');
insert into users (username, name, email, password, userphoto, accountstatus, usertype) values ('dblackader3', 'Darlene Blackader', 'dblackader3@shareasale.com', '$2a$12$rkOFfYybMiOktfTnAX6VAewV7hKHGF.HvVKk6sWofjWUE6ufylRYS', 22, 'Active', 'User');
insert into users (username, name, email, password, userphoto, accountstatus, usertype) values ('hhead4', 'Harald Head', 'hhead4@apple.com', '$2a$12$nbHqkY.0JP6.N1d4BTj7mu5W9tRdfzI/V81q61o.RMRhY32c/vy9G', 1, 'Disabled', 'User');
insert into users (username, name, email, password, userphoto, accountstatus, usertype) values ('ckirtland5', 'Cathrin Kirtland', 'ckirtland5@fotki.com', '$2a$12$FNoX/oiWL6YfIpa/AyYUZu/RyE65BxRRYCVgNmwmOwZCjZ3xU2nT.', 1, 'Active', 'Admin');
insert into users (username, name, email, password, userphoto, accountstatus, usertype) values ('mdougary6', 'Merilee Dougary', 'mdougary6@artisteer.com', '$2a$12$x..4MPUpLKYfrL.b6md3AO/gMGPRVtxbaIoreHQEH1K34MyCb1R8e', 1, 'Active', 'User');
insert into users (username, name, email, password, userphoto, accountstatus, usertype) values ('bbullman7', 'Brandyn Bullman', 'bbullman7@amazon.co.jp', '$2a$12$uQ6hxS1VICoKLTAxN4VIvOCN9GOJYWrL.50xiecGDx4HsOJLuMLHK', 1, 'Active', 'User');
insert into users (username, name, email, password, userphoto, accountstatus, usertype) values ('dwhatmough8', 'Dierdre Whatmough', 'dwhatmough8@va.gov', '$2a$12$WTeWqqwBQY52XF3IrwsUCOMzXit0Oa705TOME9TAeJ.wuudg8Z28G', 21, 'Active', 'User');
insert into users (username, name, email, password, userphoto, accountstatus, usertype) values ('jsteptoe9', 'Jojo Steptoe', 'jsteptoe9@theglobeandmail.com', '$2a$12$MPeic3/aCWO8Fqujw86EbOwI4EZW4nWoHeH/34BFdVHzC4KXnRw4u',1, 'Active', 'Admin');
insert into users (username, name, email, password, userphoto, accountstatus, usertype) values ('pbentkea', 'Patty Bentke', 'pbentkea@hp.com', '$2a$12$H3ksZb9D2lgfH5jS5EFJd.mM7JM.j1CFGCujDM6ojPyviM82Zw1bG', 1, 'Active', 'Admin');
insert into users (username, name, email, password, userphoto, accountstatus, usertype) values ('rbuckleeb', 'Rafael Bucklee', 'rbuckleeb@china.com.cn', '$2a$12$7CItKvaiiEGrW9GdxMDOSe/m0h76BeEY36Ths41IVGQhuDBn29CiO', 23, 'Blocked', 'User');
insert into users (username, name, email, password, userphoto, accountstatus, usertype) values ('bbeckerc', 'Barbabas Becker', 'bbeckerc@mysql.com', '$2a$12$6grWpzjqrUWQUu1R.qP5.OKY2Y4KYCMyR7BEe4wAnTNVLB36m6SVS', 1, 'Active', 'Organizer');
insert into users (username, name, email, password, userphoto, accountstatus, usertype) values ('pbromwichd', 'Pooh Bromwich', 'pbromwichd@delicious.com', '$2a$12$vGby4k2Q9bSVctmk6qJBQ.T.KnYLBMTvjTu94c1dvKxW/D8VDBKZq', 1, 'Active', 'User');
insert into users (username, name, email, password, userphoto, accountstatus, usertype) values ('cgirardettie', 'Cyrillus Girardetti', 'cgirardettie@dropbox.com', '$2a$12$Bae4xKFJke0VCq/toEP2n.gdv30onGj9tf7bDTCcWUK5JZrb40eFq', 1, 'Active', 'Admin');
insert into users (username, name, email, password, userphoto, accountstatus, usertype) values ('rdacheyf', 'Rollin Dachey', 'rdacheyf@gizmodo.com', '$2a$12$viNjoc/pkk2tb8Rw98sxD.KsvS3KeHERGQscVESkhDOmPgHHAfNPK', 24, 'Active', 'Admin');
insert into users (username, name, email, password, userphoto, accountstatus, usertype) values ('nmayg', 'Noe May', 'nmayg@tmall.com', '$2a$12$SAaRbpQ/X8E28i/HKGVx3eG4o8cSwRwZ1zYVZdYAVfLRYz404fmkO', 1, 'Active', 'Organizer');
insert into users (username, name, email, password, userphoto, accountstatus, usertype) values ('oarnelyh', 'Ofelia Arnely', 'oarnelyh@furl.net', '$2a$12$ykFgvUQSzcn4qTbqs72GaO0dGZ8sm.hdfAY54FQycqvH.wnuHsh.e', 1, 'Active', 'Organizer');
insert into users (username, name, email, password, userphoto, accountstatus, usertype) values ('hkohneni', 'Hilliard Kohnen', 'hkohneni@flickr.com', '$2a$12$H79gHsKwoLIWXSZASHEOq.EM3N0lMmL2886H5UdvQj4pRTiuYc5Ie', 1, 'Active', 'User');
insert into users (username, name, email, password, userphoto, accountstatus, usertype) values ('lsommervillej', 'Lindsey Sommerville', 'lsommervillej@ihg.com', '$2a$12$R1zkONLvhzMVC6sOdHcGHOQv5zxv2vGNc6j5FN/MAb0cMV68h2LCq', 25, 'Active', 'Organizer');
insert into users (username, name, email, password, userphoto, accountstatus, usertype) values ('bbuzzingk', 'Berke Buzzing', 'bbuzzingk@vinaora.com', '$2a$12$URLkNk9xF.ZLswkDJI3SHOkIP.ldeVTkkeDEAWhYIssAi2sVwBMzi', 1, 'Active', 'Organizer');
insert into users (username, name, email, password, userphoto, accountstatus, usertype) values ('wkensettl', 'Wren Kensett', 'wkensettl@freewebs.com', '$2a$12$xCMI5mdm2MlEdGOyiNpEf.Sw9FJuMkyW6zjspo6PY/3wgnjA1fn0K', 1, 'Active', 'Organizer');
insert into users (username, name, email, password, userphoto, accountstatus, usertype) values ('mpietrowskim', 'Murial Pietrowski', 'mpietrowskim@hibu.com', '$2a$12$JrfRlgEHwCaThx0Rrg70eea5M6WsIpZEdhLTPgmiAEQqaP.IThVPy', 1, 'Active', 'User');
insert into users (username, name, email, password, userphoto, accountstatus, usertype) values ('kpictonn', 'Kristian Picton', 'kpictonn@hatena.ne.jp', '$2a$12$90O6rm20N6fxDoS0sCfP3OnsDrdnQn4UHED.fF.HEmL19ryvWaAaS', 1, 'Active', 'Admin');
insert into users (username, name, email, password, userphoto, accountstatus, usertype) values ('mbarbrooko', 'Maddie Barbrook', 'mbarbrooko@addthis.com', '$2a$12$jjE5U.ZnAqcDLt/T09J/G.JxQZyehlk8OTMZOqblhbZu1GBxz9E9C', 1, 'Active', 'User');
insert into users (username, name, email, password, userphoto, accountstatus, usertype) values ('kdarthep', 'Kathlin Darthe', 'kdarthep@nymag.com', '$2a$12$2J1gpdNZIdp6EFjSLdrcpOx7dqNYRPKJqvFtAdMyIJFl.4ILz1tpW', 1, 'Active', 'User');
insert into users (username, name, email, password, userphoto, accountstatus, usertype) values ('mpillingtonr', 'Moses Pillington', 'mpillingtonr@ucoz.ru', '$2a$12$3mdQpI.u5ZKuQxbiG.kb4.B4fSVp08ZFvbE1imHJWjKzfYu7FgTHK',1, 'Active', 'Organizer');
insert into users (username, name, email, password, userphoto, accountstatus, usertype) values ('dclemensens', 'Davine Clemensen', 'dclemensens@sina.com.cn', '$2a$12$q5FruFlJfr1T0top08UHg.Vr9hZSJ2ZjGy1SHCC8yeEfxVPHfm2SG', 1, 'Active', 'User');
insert into users (username, name, email, password, userphoto, accountstatus, usertype) values ('radamskit', 'Roddie Adamski', 'radamskit@opensource.org', '$2a$12$TVx9ET0bVi/nFgkDSM5cGeg8s3GyE8yVtjeJ3p2CFPaHF6dlqgVna', 1, 'Active', 'Organizer');

insert into users (username, name, email, password, userphoto, accountstatus, usertype) values ('admin', 'Administrator', 'admin@evup.com', '$2a$12$MKHXzV7jJJNlWeOYhwOSLe.ukGW.UGu..wXVth0SwWI8Ewn5EZnwe', 1, 'Active', 'Admin');
insert into users (username, name, email, password, userphoto, accountstatus, usertype) values ('blocked', 'Blocked user', 'blocked@evup.com', '$2a$12$MKHXzV7jJJNlWeOYhwOSLe.ukGW.UGu..wXVth0SwWI8Ewn5EZnwe', 1, 'Blocked', 'User');



-- event --
insert into event ( userid, eventname, public, eventaddress, description, eventphoto, startdate, enddate) values ( 2, 'Porto Pub Crawl', false, '159 Praça Guilherme Gomes Fernandes 4050-526 Porto', 'A fun & eccentric mix between a tour and a bar hop! 6 drinks included PLUS entry to one of Porto most popular clubs!', 9, '2023-11-08', '2023-11-30');
insert into event ( userid, eventname, public, eventaddress, description, eventphoto, startdate, enddate) values ( 2, 'Nature Bath in the Parque da Cidade - Porto', false, 'Entrada Boavista (Avenida do Parque) 4100 Porto', '2 hours guided Nature Bath in the Parque da Cidade',10, '2023-02-06', '2023-02-16');
insert into event ( userid, eventname, public, eventaddress, description, eventphoto, startdate, enddate) values ( 2, 'Romantic Porto: Outdoor Escape Game for Couples - The Love Novel', true, '10 Praça de Gomes Teixeira 4050-161 Porto', 'If you’re looking for a new and exciting way of spending time with your one and only, family or friends, this is your Eureka moment!', 5, '2023-01-03', '2023-01-31');
insert into event ( userid, eventname, public, eventaddress, description, eventphoto, startdate, enddate) values ( 18, 'African Heritage and Colonial Roots Tour', false, 'Praça do Marquês de Pombal Porto', 'A Portuguese black woman talking about the history of colonization through an African perspective.',11, '2023-01-24', '2023-01-25');
insert into event ( userid, eventname, public, eventaddress, description, eventphoto, startdate, enddate) values ( 20, 'Tratar o cancro por tu - Porto', false, 'Rua de Dom Manuel II 4050-346 Porto', 'Sessão para a literacia no cancro promovida pelo IPATIMUP. Diagnóstico e Tratamento – Tumores Pediátricos.', 12, '2023-01-03', '2023-02-15');
insert into event ( userid, eventname, public, eventaddress, description, eventphoto, startdate, enddate) values ( 21, 'A Course on Finding Purpose in Work and Life in 2023', false, '206 Rua de Gonçalo Cristóvão #216 4000-265 Porto', 'A two-day course about finding passion at work and life.', 13, '2023-12-02', '2023-12-03');
insert into event ( userid, eventname, public, eventaddress, description, eventphoto, startdate, enddate) values ( 22, 'Healthy Vegan Workshop in Porto', false, '3 Rua Formosa 4000-250 Porto', 'Healthy Kick of for 2023 and Veganuary!', 14, '2022-11-29', '2022-12-29');
insert into event ( userid, eventname, public, eventaddress, description, eventphoto, startdate, enddate) values ( 28, 'Best of Classical Guitar Concert', true, 'Rua de Passos Manuel, 219 - Loja 4 - 4000-041 Porto', 'Enjoy an evening immersing yourself in a classical music at our intimate event hall, the program is presented by most talented artist.', 6, '2023-01-03', '2023-02-17');
insert into event ( userid, eventname, public, eventaddress, description, eventphoto, startdate, enddate) values ( 30, 'Bossa Nova Jazz Night', false, 'Rua de Passos Manuel, 219 - Loja 4 4000-041 Porto', 'Program: Wave; Chega de saudade; Influência do Jazz; Samba de Verão; Meu bem querer; Garota de Ipanema; Insensatez; Corcovado; Só danço samb', 17, '2023-01-19', '2023-01-24');
insert into event ( userid, eventname, public, eventaddress, description, eventphoto, startdate, enddate) values ( 2, 'Samba Jazz Night', false, 'Rua de Passos Manuel, 219 - Loja 4 - 4000-041 Porto', 'Samba Jazz por Gabi Yong e Andre Multini',16, '2022-12-22', '2022-12-23');
insert into event ( userid, eventname, public, eventaddress, description, eventphoto, startdate, enddate) values ( 17, '[Open Day] Come visit our campus in Porto', true, 'Av. Serpa Pinto 311 4450-718 Matosinhos', 'Come meet the team on our Porto campus!', 15, '2022-11-29', '2023-01-01');
insert into event ( userid, eventname, public, eventaddress, description, eventphoto, startdate, enddate) values ( 30, 'Festa de Quintal', false, '240 Avenida de Ramos Pinto 4400-261 Vila Nova de Gaia', 'Festa de quintal', 18, '2022-12-08', '2022-12-09');
insert into event ( userid, eventname, public, eventaddress, description, eventphoto, startdate, enddate) values ( 30, 'HackerX - Porto (Full-Stack) Employer Ticket - 02/23 (Onsite)', true, 'Praca do Bom Sucesso 4150 Porto', 'HackerX is an invite-only recruiting event for developers. We are active in >175+ cities globally with a community of over 100,000', 7, '2023-02-26', '2023-02-27');
insert into event ( userid, eventname, public, eventaddress, description, eventphoto, startdate, enddate) values ( 2, 'Lionesa Yoga Sessions', true, 'Rua Lionesa 4465-671 Leça do Balio', 'Lionesa welcomes Yoga Sessions, every Monday at 18h in Jardim da Lionesa - in front of Hilti Academy - limited to 10 people per session.', 8, '2023-01-27', '2023-01-30');
-- tag --

insert into tag (tagid, tagname) values (1, 'Tudo'); 
insert into tag (tagid, tagname) values (2, 'Reitoria');
insert into tag (tagid, tagname) values (3, 'ICBAS');
insert into tag (tagid, tagname) values (4, 'FMUP');
insert into tag (tagid, tagname) values (5, 'Porto');
insert into tag (tagid, tagname) values (6, 'FCUP');
insert into tag (tagid, tagname) values (7, 'INESC TEC');
insert into tag (tagid, tagname) values (8, 'FLUP');
insert into tag (tagid, tagname) values (9, 'Sociologia');
insert into tag (tagid, tagname) values (10, 'Concerto');
insert into tag (tagid, tagname) values (11, 'Solidariedade');
insert into tag (tagid, tagname) values (12, 'Arte');
insert into tag (tagid, tagname) values (13, 'Cinema');
insert into tag (tagid, tagname) values (14, 'Literatura');
insert into tag (tagid, tagname) values (15, 'Museologia');

-- event_tag --
insert into event_tag (eventid, tagid) values (1, 5); 
insert into event_tag (eventid, tagid) values (2, 5); 
insert into event_tag (eventid, tagid) values (2, 3); 
insert into event_tag (eventid, tagid) values (3, 5);
insert into event_tag (eventid, tagid) values (3, 11);
insert into event_tag (eventid, tagid) values (4, 9); 
insert into event_tag (eventid, tagid) values (4, 5); 
insert into event_tag (eventid, tagid) values (4, 11); 
insert into event_tag (eventid, tagid) values (4, 14); 
insert into event_tag (eventid, tagid) values (5, 15);
insert into event_tag (eventid, tagid) values (6, 11);
insert into event_tag (eventid, tagid) values (7, 4);
insert into event_tag (eventid, tagid) values (8, 10);
insert into event_tag (eventid, tagid) values (9, 10);
insert into event_tag (eventid, tagid) values (10, 10);
insert into event_tag (eventid, tagid) values (11, 7);
insert into event_tag (eventid, tagid) values (12, 5);
insert into event_tag (eventid, tagid) values (13, 7);
insert into event_tag (eventid, tagid) values (14, 4);

-- category --
insert into category ( categoryname) values ( 'Tudo');
insert into category ( categoryname) values ( 'Cinema');
insert into category ( categoryname) values ( 'Ar livre');
insert into category ( categoryname) values ( 'Música');
insert into category ( categoryname) values ( 'Família');
insert into category ( categoryname) values ( 'Exposição');
insert into category ( categoryname) values ( 'Literatura');
insert into category ( categoryname) values ( 'Conferência');
insert into category ( categoryname) values ( 'Congresso');
insert into category ( categoryname) values ( 'Seminário');
insert into category ( categoryname) values ( 'Encontro');
insert into category ( categoryname) values ( 'Online');
insert into category ( categoryname) values ( 'Palestra');
insert into category ( categoryname) values ( 'Teatro');
insert into category ( categoryname) values ( 'Desporto');

-- event_category --

insert into event_category (eventid, categoryid) values (1, 3);
insert into event_category (eventid, categoryid) values (2, 3);
insert into event_category (eventid, categoryid) values (2, 11);
insert into event_category (eventid, categoryid) values (3, 3);
insert into event_category (eventid, categoryid) values (3, 11);
insert into event_category (eventid, categoryid) values (3, 9);
insert into event_category (eventid, categoryid) values (4, 3);
insert into event_category (eventid, categoryid) values (4, 5);
insert into event_category (eventid, categoryid) values (4, 6);
insert into event_category (eventid, categoryid) values (5, 14);
insert into event_category (eventid, categoryid) values (5, 6);
insert into event_category (eventid, categoryid) values (5, 9);
insert into event_category (eventid, categoryid) values (5, 10);
insert into event_category (eventid, categoryid) values (6, 10);
insert into event_category (eventid, categoryid) values (6, 12);
insert into event_category (eventid, categoryid) values (7, 12);
insert into event_category (eventid, categoryid) values (7, 9);
insert into event_category (eventid, categoryid) values (8, 4);
insert into event_category (eventid, categoryid) values (9, 4);
insert into event_category (eventid, categoryid) values (10, 4);
insert into event_category (eventid, categoryid) values (11, 4);
insert into event_category (eventid, categoryid) values (12, 11);
insert into event_category (eventid, categoryid) values (13, 11);
insert into event_category (eventid, categoryid) values (14, 11);
insert into event_category (eventid, categoryid) values (14, 12);

-- attendee --

insert into attendee (attendeeid, eventid) values (1, 1);
insert into attendee (attendeeid, eventid) values (1, 2);
insert into attendee (attendeeid, eventid) values (1, 3);
insert into attendee (attendeeid, eventid) values (1, 5);
insert into attendee (attendeeid, eventid) values (1, 7);
insert into attendee (attendeeid, eventid) values (1, 8);
insert into attendee (attendeeid, eventid) values (1, 10);
insert into attendee (attendeeid, eventid) values (1, 11);
insert into attendee (attendeeid, eventid) values (3, 1);
insert into attendee (attendeeid, eventid) values (3, 3);
insert into attendee (attendeeid, eventid) values (3, 13);
insert into attendee (attendeeid, eventid) values (4, 14);
insert into attendee (attendeeid, eventid) values (4, 4);
insert into attendee (attendeeid, eventid) values (5, 5);
insert into attendee (attendeeid, eventid) values (7, 7);
insert into attendee (attendeeid, eventid) values (8, 8);
insert into attendee (attendeeid, eventid) values (9, 3);
insert into attendee (attendeeid, eventid) values (9, 9);


-- report --

insert into report (reporterid, eventid, message, reportstatus) values ( 1, 1, 'This event is not suitable for up students.', false);
insert into report (reporterid, eventid, message, reportstatus) values ( 3, 2, 'This event is abusive.', true);
insert into report (reporterid, eventid, message, reportstatus) values ( 2, 3, 'The organizer of this event was rude to me.', false);
insert into report (reporterid, eventid, message, reportstatus) values ( 3, 1, 'This is spam!', false);
insert into report (reporterid, eventid, message, reportstatus) values ( 1, 3, 'Wrong category', true);
insert into report (reporterid, eventid, message, reportstatus) values ( 1, 13, 'The event image is inappropriate...', true);
insert into report (reporterid, eventid, message, reportstatus) values ( 5, 12, 'Fraud', false);
insert into report (reporterid, eventid, message, reportstatus) values ( 3, 1, 'Should be tagged as adult content', true);
insert into report (reporterid, eventid, message, reportstatus) values ( 6, 2, 'Should be tagged as adult content', true);

--invitation --

insert into invitation ( inviterid, inviteeid, eventid, invitationstatus) values (4, 8, 1, null);
insert into invitation (inviterid, inviteeid, eventid, invitationstatus) values (4, 7, 2, null);
insert into invitation (inviterid, inviteeid, eventid, invitationstatus) values (7, 4, 3, null);
insert into invitation (inviterid, inviteeid, eventid, invitationstatus) values (9, 3, 4, null);
insert into invitation ( inviterid, inviteeid, eventid, invitationstatus) values (1, 2, 5, null);
insert into invitation (inviterid, inviteeid, eventid, invitationstatus) values (1, 4, 6, false);
insert into invitation ( inviterid, inviteeid, eventid, invitationstatus) values (2, 22, 7, false);
insert into invitation ( inviterid, inviteeid, eventid, invitationstatus) values (3, 22, 8, false);
insert into invitation ( inviterid, inviteeid, eventid, invitationstatus) values (4, 3, 8, false);
insert into invitation ( inviterid, inviteeid, eventid, invitationstatus) values (3, 8, 9, false);

insert into invitation ( inviterid, inviteeid, eventid, invitationstatus) values (2, 1, 1, true);
insert into invitation ( inviterid, inviteeid, eventid, invitationstatus) values (2, 1, 2, true);
insert into invitation ( inviterid, inviteeid, eventid, invitationstatus) values (2, 1, 3, true);
insert into invitation ( inviterid, inviteeid, eventid, invitationstatus) values (20, 1, 5, true);
insert into invitation ( inviterid, inviteeid, eventid, invitationstatus) values (3, 1, 14, null);
insert into invitation ( inviterid, inviteeid, eventid, invitationstatus) values (2, 1, 13, null);
insert into invitation ( inviterid, inviteeid, eventid, invitationstatus) values (3, 1, 13, null);
insert into invitation ( inviterid, inviteeid, eventid, invitationstatus) values (3, 1, 4, null);

-- poll --

insert into poll ( eventid, pollcontent) values ( 1,'What topics interest you the most?');
insert into poll ( eventid, pollcontent) values ( 2,'What day are you going to the event?');
insert into poll ( eventid, pollcontent) values ( 5,'What are you most looking forward to during the event?');
insert into poll ( eventid, pollcontent) values ( 6,'What place should we have our next event in?');
insert into poll ( eventid, pollcontent) values ( 10,'Are you interested in a meet-up after the event for further discussion?');
insert into poll ( eventid, pollcontent) values ( 3, 'Who are you going to the event with?');
insert into poll ( eventid, pollcontent) values ( 2, 'Were you able to connect with all of the things you wanted to during the event?');
insert into poll ( eventid, pollcontent) values ( 7, 'How useful will the topics covered be to you in your course?');


-- polloption --
insert into polloption ( optioncontent, pollid) values ('History',1);
insert into polloption ( optioncontent, pollid) values ('Sports',1);
insert into polloption ( optioncontent, pollid) values ('Music',1);
insert into polloption ( optioncontent, pollid) values ('Monday',2);
insert into polloption ( optioncontent, pollid) values ('Tuesday',2);
insert into polloption ( optioncontent, pollid) values ('Wednesday',2);
insert into polloption ( optioncontent, pollid) values ('Talking to people',3);
insert into polloption ( optioncontent, pollid) values ('Learning',3);
insert into polloption ( optioncontent, pollid) values ('Dancing',3);
insert into polloption ( optioncontent, pollid) values ('A theatre',4);
insert into polloption ( optioncontent, pollid) values ('A school',4);
insert into polloption ( optioncontent, pollid) values ('A hospital',4);
insert into polloption ( optioncontent, pollid) values ('Yes',5);
insert into polloption ( optioncontent, pollid) values ('No',5);
insert into polloption ( optioncontent, pollid) values ('Maybe',5);
insert into polloption ( optioncontent, pollid) values ('Friends',6);
insert into polloption ( optioncontent, pollid) values ('Family',6);
insert into polloption ( optioncontent, pollid) values ('Alone',6);
insert into polloption ( optioncontent, pollid) values ('Yes',7);
insert into polloption ( optioncontent, pollid) values ('No',7);
insert into polloption ( optioncontent, pollid) values ('Not a Lot',8);
insert into polloption ( optioncontent, pollid) values ('A Lot',8);


-- answer --                            voteType??

insert into answer (userid, polloptionid) values (1, 1);
insert into answer (userid, polloptionid) values (1, 5);


-- comment --

insert into Comment (authorId, eventId, commentContent, commentDate) values (4, 4, 'I am looking forward to it!!', '2022-12-20');
insert into Comment (authorId, eventId, commentContent, commentDate) values (8, 8, 'I have some questions about the event. Someone can help me?', '2022-10-10');
insert into Comment (authorId, eventId, commentContent, commentDate) values (7, 7, 'Looks very useful', '2022-11-10');
insert into Comment (authorId, eventId, commentContent, commentDate) values (1, 1, ':)', '2022-11-30');
insert into Comment (authorId, eventId, commentContent, commentDate) values (5, 5, ':(', '2022-12-22');
insert into Comment (authorId, eventId, commentContent, commentDate) values (1, 1, 'It was fun', '2022-12-02');
insert into Comment (authorId, eventId, commentContent, commentDate) values (9, 9, 'This event changed my life!', '2022-12-20');
insert into Comment (authorId, eventId, commentContent, commentDate) values (10, 2, 'I did not like the event. I am disappointed.', '2022-12-20');
insert into Comment (authorId, eventId, commentContent, commentDate) values (7, 7, 'Where is the event?', '2022-11-06');
insert into Comment (authorId, eventId, commentContent, commentDate) values (6, 1, 'Nice!', '2022-11-19');

insert into Comment (authorId, eventId, parentId, commentContent, commentDate) values (2, 1, 6, 'Much appreciated! Glad you liked it ☺️', '2022-12-03');
insert into Comment (authorId, eventId, parentId, commentContent, commentDate) values (1, 1, 10, ':) :)', '2022-11-20');
insert into Comment (authorId, eventId, parentId, commentContent, commentDate) values (2, 1, 10, ':)', '2022-11-20');

-- joinrequest --

insert into joinrequest ( requesterid, eventid, requeststatus) values ( 4, 10, false);
insert into joinrequest ( requesterid, eventid, requeststatus) values ( 2, 9, false);
insert into joinrequest ( requesterid, eventid, requeststatus) values ( 1, 10, true);
insert into joinrequest ( requesterid, eventid, requeststatus) values ( 2, 12, false);
insert into joinrequest ( requesterid, eventid, requeststatus) values ( 3, 2, true);
insert into joinrequest ( requesterid, eventid) values ( 1, 9);
insert into joinrequest ( requesterid, eventid) values ( 4, 10);
insert into joinrequest ( requesterid, eventid) values ( 7, 3);
insert into joinrequest ( requesterid, eventid) values ( 8, 3);
insert into joinrequest ( requesterid, eventid) values ( 8, 10);
insert into joinrequest ( requesterid, eventid) values ( 17, 3);
insert into joinrequest ( requesterid, eventid) values ( 17, 10);

-- organizerrequest --

insert into organizerrequest ( requesterid, requeststatus) values ( 5, false);
insert into organizerrequest ( requesterid, requeststatus) values ( 9, true);
insert into organizerrequest ( requesterid, requeststatus) values ( 4, true);
insert into organizerrequest ( requesterid) values (8);

-- vote --

insert into vote (voterid, commentid, type) values (1, 7, false);
insert into vote (voterid, commentid, type) values (2, 3, true);
insert into vote (voterid, commentid, type) values (3, 7, true);
insert into vote (voterid, commentid, type) values (4, 9, false);
insert into vote (voterid, commentid, type) values (5, 3, false);
insert into vote (voterid, commentid, type) values (6, 7, false);
insert into vote (voterid, commentid, type) values (7, 5, true);
insert into vote (voterid, commentid, type) values (8, 3, true);
insert into vote (voterid, commentid, type) values (9, 1, false);
insert into vote (voterid, commentid, type) values (10, 9, false);
insert into vote (voterid, commentid, type) values (11, 2, true);
insert into vote (voterid, commentid, type) values (12, 3, false);
insert into vote (voterid, commentid, type) values (13, 3, true);
insert into vote (voterid, commentid, type) values (14, 9, false);
insert into vote (voterid, commentid, type) values (15, 7, true);









-- contact --
insert into contact (name, email, subject, message) values ( 'Micky Falcus', 'mfalcus0@google.com.hk', 'New Feature', 'Could you add a ticket system for the events?');
insert into contact (name, email, subject, message) values ( 'Elfrida Sergent', 'esergent1@trellian.com', 'Bug', 'I found a bug in the events page that happens when I...');
insert into contact (name, email, subject, message) values ( 'Gaultiero Lanahan', 'glanahan2@rediff.com', 'Feature Idea', 'Please add more customization options for the profile');
insert into contact (name, email, subject, message) values ( 'Darlene Blackader', 'dblackader3@shareasale.com', 'Question', 'How do I create polls as an event organizer?');


-- appeal --
insert into appeal (userid, name, email, message) values (12, 'Rafael Bucklee','rbuckleeb@china.com.cn', 'Could you please unban me :)?');

